{
  "losses": [
    0.8124752740340822,
    0.32770832415482426,
    0.13174935155584755,
    0.07165525627412483,
    0.048908494035719834,
    0.03782972110968412,
    0.03134563691669518,
    0.02699194764920781,
    0.023661731917564374,
    0.021500703474395647,
    0.01992771834810189,
    0.018409681183527562,
    0.0171088541070386,
    0.016135703089853237,
    0.015228059822267203,
    0.014453671812766605,
    0.013717923846855325,
    0.013649223984179951,
    0.01303487033137584,
    0.012441166264094994,
    0.011904534408017491,
    0.011784680744428988,
    0.01141992867810172,
    0.011184249032793418,
    0.010957711083892865
  ],
  "metrics": {
    "both": {
      "optimistic": {
        "adjusted_arithmetic_mean_rank": 0.08726513064074702,
        "adjusted_arithmetic_mean_rank_index": 0.9127494763360245,
        "adjusted_geometric_mean_rank_index": 0.9941014824391138,
        "adjusted_hits_at_k": 0.13598449633017215,
        "adjusted_inverse_harmonic_mean_rank": 0.06440096679150538,
        "arithmetic_mean_rank": 5452.956045543868,
        "count": 69208.0,
        "geometric_mean_rank": 272.1899822481192,
        "harmonic_mean_rank": 15.505522466283393,
        "hits_at_1": 0.027352329210495897,
        "hits_at_10": 0.13605363541787077,
        "hits_at_3": 0.06419778060339845,
        "hits_at_5": 0.08896370361807883,
        "inverse_arithmetic_mean_rank": 0.0001833867707070912,
        "inverse_geometric_mean_rank": 0.0036739044976623492,
        "inverse_harmonic_mean_rank": 0.06449315088701398,
        "inverse_median_rank": 0.003215434083601286,
        "median_absolute_deviation": 453.6762788627142,
        "median_rank": 311.0,
        "standard_deviation": 17010.494935053302,
        "variance": 289356937.9354741,
        "z_arithmetic_mean_rank": 415.88893187332695,
        "z_geometric_mean_rank": 261.59625199875546,
        "z_hits_at_k": 3998.9789288556353,
        "z_inverse_harmonic_mean_rank": 4671.041412124962
      },
      "pessimistic": {
        "adjusted_arithmetic_mean_rank": 0.08726521388513178,
        "adjusted_arithmetic_mean_rank_index": 0.9127493930903077,
        "adjusted_geometric_mean_rank_index": 0.9941014765113642,
        "adjusted_hits_at_k": 0.13598449633017215,
        "adjusted_inverse_harmonic_mean_rank": 0.06440096323087033,
        "arithmetic_mean_rank": 5452.961247254652,
        "count": 69208.0,
        "geometric_mean_rank": 272.190254782072,
        "harmonic_mean_rank": 15.505523322251342,
        "hits_at_1": 0.027352329210495897,
        "hits_at_10": 0.13605363541787077,
        "hits_at_3": 0.06419778060339845,
        "hits_at_5": 0.08896370361807883,
        "inverse_arithmetic_mean_rank": 0.00018338659577004328,
        "inverse_geometric_mean_rank": 0.0036739008191187666,
        "inverse_harmonic_mean_rank": 0.06449314732672976,
        "inverse_median_rank": 0.003215434083601286,
        "median_absolute_deviation": 453.6762788627142,
        "median_rank": 311.0,
        "standard_deviation": 17010.505908789874,
        "variance": 289357311.2729752,
        "z_arithmetic_mean_rank": 415.8888939429055,
        "z_geometric_mean_rank": 261.5962504388774,
        "z_hits_at_k": 3998.9789288556353,
        "z_inverse_harmonic_mean_rank": 4671.04115386993
      },
      "realistic": {
        "adjusted_arithmetic_mean_rank": 0.08726516985755967,
        "adjusted_arithmetic_mean_rank_index": 0.9127494371185844,
        "adjusted_geometric_mean_rank_index": 0.9941014746984015,
        "adjusted_hits_at_k": 0.13598449633017215,
        "adjusted_inverse_harmonic_mean_rank": 0.06440097287463804,
        "arithmetic_mean_rank": 5452.95849609375,
        "count": 69208.0,
        "geometric_mean_rank": 272.1903381347656,
        "harmonic_mean_rank": 15.505520820617676,
        "hits_at_1": 0.027352329210495897,
        "hits_at_10": 0.13605363541787077,
        "hits_at_3": 0.06419778060339845,
        "hits_at_5": 0.08896370361807883,
        "inverse_arithmetic_mean_rank": 0.0001833866845117882,
        "inverse_geometric_mean_rank": 0.0036738996859639883,
        "inverse_harmonic_mean_rank": 0.06449315696954727,
        "inverse_median_rank": 0.003215434029698372,
        "median_absolute_deviation": 453.6763000488281,
        "median_rank": 311.0,
        "standard_deviation": 17010.5,
        "variance": 289357088.0,
        "z_arithmetic_mean_rank": 415.88891400413087,
        "z_geometric_mean_rank": 261.5962499617991,
        "z_hits_at_k": 3998.9789288556353,
        "z_inverse_harmonic_mean_rank": 4671.041853338286
      }
    },
    "head": {
      "optimistic": {
        "adjusted_arithmetic_mean_rank": 0.12462915330929314,
        "adjusted_arithmetic_mean_rank_index": 0.8753848811915769,
        "adjusted_geometric_mean_rank_index": 0.9850128590582639,
        "adjusted_hits_at_k": 0.059715393650128255,
        "adjusted_inverse_harmonic_mean_rank": 0.028012822958160176,
        "arithmetic_mean_rank": 7773.591492313028,
        "count": 34604.0,
        "geometric_mean_rank": 688.7889067943553,
        "harmonic_mean_rank": 35.576103467980396,
        "hits_at_1": 0.009449774592532656,
        "hits_at_10": 0.05979077563287481,
        "hits_at_3": 0.02577736677840712,
        "hits_at_5": 0.03690324817940122,
        "inverse_arithmetic_mean_rank": 0.0001286406677002332,
        "inverse_geometric_mean_rank": 0.001451823614079429,
        "inverse_harmonic_mean_rank": 0.028108755667973342,
        "inverse_median_rank": 0.0011862396204033216,
        "median_absolute_deviation": 1190.5295814599983,
        "median_rank": 843.0,
        "standard_deviation": 20867.074361097053,
        "variance": 435434792.391554,
        "z_arithmetic_mean_rank": 282.03412201622194,
        "z_geometric_mean_rank": 183.28928415279378,
        "z_hits_at_k": 1240.5890068292263,
        "z_inverse_harmonic_mean_rank": 1435.3583237810894
      },
      "pessimistic": {
        "adjusted_arithmetic_mean_rank": 0.1246292612605114,
        "adjusted_arithmetic_mean_rank_index": 0.8753847732386278,
        "adjusted_geometric_mean_rank_index": 0.9850128440612844,
        "adjusted_hits_at_k": 0.059715393650128255,
        "adjusted_inverse_harmonic_mean_rank": 0.02801282153039081,
        "arithmetic_mean_rank": 7773.598225638654,
        "count": 34604.0,
        "geometric_mean_rank": 688.7895950347687,
        "harmonic_mean_rank": 35.57610527487148,
        "hits_at_1": 0.009449774592532656,
        "hits_at_10": 0.05979077563287481,
        "hits_at_3": 0.02577736677840712,
        "hits_at_5": 0.03690324817940122,
        "inverse_arithmetic_mean_rank": 0.0001286405562744199,
        "inverse_geometric_mean_rank": 0.0014518221634133746,
        "inverse_harmonic_mean_rank": 0.028108754240344893,
        "inverse_median_rank": 0.0011862396204033216,
        "median_absolute_deviation": 1190.5295814599983,
        "median_rank": 843.0,
        "standard_deviation": 20867.086727164256,
        "variance": 435435308.4789947,
        "z_arithmetic_mean_rank": 282.0340872356176,
        "z_geometric_mean_rank": 183.2892813621849,
        "z_hits_at_k": 1240.5890068292263,
        "z_inverse_harmonic_mean_rank": 1435.3582506231414
      },
      "realistic": {
        "adjusted_arithmetic_mean_rank": 0.1246292051620016,
        "adjusted_arithmetic_mean_rank_index": 0.8753848293380371,
        "adjusted_geometric_mean_rank_index": 0.9850128423656316,
        "adjusted_hits_at_k": 0.059715393650128255,
        "adjusted_inverse_harmonic_mean_rank": 0.028012822416728894,
        "arithmetic_mean_rank": 7773.5947265625,
        "count": 34604.0,
        "geometric_mean_rank": 688.7896728515625,
        "harmonic_mean_rank": 35.57610321044922,
        "hits_at_1": 0.009449774592532656,
        "hits_at_10": 0.05979077563287481,
        "hits_at_3": 0.02577736677840712,
        "hits_at_5": 0.03690324817940122,
        "inverse_arithmetic_mean_rank": 0.00012864061864092946,