{
  "losses": [
    0.4051373156164525,
    0.06905748385120426,
    0.04181281698261492,
    0.030650994144380092,
    0.025823429394403154
  ],
  "metrics": {
    "both": {
      "optimistic": {
        "adjusted_arithmetic_mean_rank": 0.07983715199275243,
        "adjusted_arithmetic_mean_rank_index": 0.9201776076246986,
        "adjusted_geometric_mean_rank_index": 0.9953516944564768,
        "adjusted_hits_at_k": 0.16556647742012737,
        "adjusted_inverse_harmonic_mean_rank": 0.08104467259683398,
        "arithmetic_mean_rank": 4977.389133844287,
        "count": 135172.0,
        "geometric_mean_rank": 214.20110239987903,
        "harmonic_mean_rank": 12.32507291061385,
        "hits_at_1": 0.03659781611576362,
        "hits_at_10": 0.16563341520433225,
        "hits_at_3": 0.08739975734619596,
        "hits_at_5": 0.1172580120143225,
        "inverse_arithmetic_mean_rank": 0.00020090854323613028,
        "inverse_geometric_mean_rank": 0.00466851005338507,
        "inverse_harmonic_mean_rank": 0.08113542266665545,
        "inverse_median_rank": 0.004201680672268907,
        "median_absolute_deviation": 348.41152134881645,
        "median_rank": 238.0,
        "standard_deviation": 16312.456702898107,
        "variance": 266096243.6839254,
        "z_arithmetic_mean_rank": 585.9030888602117,
        "z_geometric_mean_rank": 366.0381289024015,
        "z_hits_at_k": 6796.081347640751,
        "z_inverse_harmonic_mean_rank": 8204.885941149367
      },
      "pessimistic": {
        "adjusted_arithmetic_mean_rank": 0.07983723422647221,
        "adjusted_arithmetic_mean_rank_index": 0.9201775253896598,
        "adjusted_geometric_mean_rank_index": 0.9953516861519538,
        "adjusted_hits_at_k": 0.1655590788447873,
        "adjusted_inverse_harmonic_mean_rank": 0.08104460286819623,
        "arithmetic_mean_rank": 4977.394260645696,
        "count": 135172.0,
        "geometric_mean_rank": 214.20148329855863,
        "harmonic_mean_rank": 12.325083501874541,
        "hits_at_1": 0.03659781611576362,
        "hits_at_10": 0.1656260172225017,
        "hits_at_3": 0.08739975734619596,
        "hits_at_5": 0.1172580120143225,
        "inverse_arithmetic_mean_rank": 0.00020090833629688687,
        "inverse_geometric_mean_rank": 0.004668501751718397,
        "inverse_harmonic_mean_rank": 0.08113535294490365,
        "inverse_median_rank": 0.004201680672268907,
        "median_absolute_deviation": 348.41152134881645,
        "median_rank": 238.0,
        "standard_deviation": 16312.468137876034,
        "variance": 266096616.7492208,
        "z_arithmetic_mean_rank": 585.9030364988384,
        "z_geometric_mean_rank": 366.0381258484337,
        "z_hits_at_k": 6795.777655005314,
        "z_inverse_harmonic_mean_rank": 8204.878881888082
      },
      "realistic": {
        "adjusted_arithmetic_mean_rank": 0.07983719157486842,
        "adjusted_arithmetic_mean_rank_index": 0.9201775680419477,
        "adjusted_geometric_mean_rank_index": 0.9953516902803178,
        "adjusted_hits_at_k": 0.1655590788447873,
        "adjusted_inverse_harmonic_mean_rank": 0.08104464211619433,
        "arithmetic_mean_rank": 4977.3916015625,
        "count": 135172.0,
        "geometric_mean_rank": 214.2012939453125,
        "harmonic_mean_rank": 12.325078010559082,
        "hits_at_1": 0.03659781611576362,
        "hits_at_10": 0.1656260172225017,
        "hits_at_3": 0.08739975734619596,
        "hits_at_5": 0.1172580120143225,
        "inverse_arithmetic_mean_rank": 0.00020090844191145152,
        "inverse_geometric_mean_rank": 0.004668505862355232,
        "inverse_harmonic_mean_rank": 0.08113539218902588,
        "inverse_median_rank": 0.004201680887490511,
        "median_absolute_deviation": 348.4115295410156,
        "median_rank": 238.0,
        "standard_deviation": 16312.4619140625,
        "variance": 266096400.0,
        "z_arithmetic_mean_rank": 585.9030636567555,
        "z_geometric_mean_rank": 366.03812736662934,
        "z_hits_at_k": 6795.777655005314,
        "z_inverse_harmonic_mean_rank": 8204.88285531826
      }
    },
    "head": {
      "optimistic": {
        "adjusted_arithmetic_mean_rank": 0.12145395171883126,
        "adjusted_arithmetic_mean_rank_index": 0.8785601969736875,
        "adjusted_geometric_mean_rank_index": 0.9892291118218048,
        "adjusted_hits_at_k": 0.08842122367338524,
        "adjusted_inverse_harmonic_mean_rank": 0.0417098712496399,
        "arithmetic_mean_rank": 7541.658538750628,
        "count": 67586.0,
        "geometric_mean_rank": 492.9987754048965,
        "harmonic_mean_rank": 23.92065698510994,
        "hits_at_1": 0.014781167697452136,
        "hits_at_10": 0.08849465865711834,
        "hits_at_3": 0.04412156363743971,
        "hits_at_5": 0.05924303849909745,
        "inverse_arithmetic_mean_rank": 0.00013259682798707866,
        "inverse_geometric_mean_rank": 0.0020284026044054713,
        "inverse_harmonic_mean_rank": 0.0418048718570931,
        "inverse_median_rank": 0.0017079419299743809,
        "median_absolute_deviation": 839.8941567834235,
        "median_rank": 585.5,
        "standard_deviation": 20731.109633720454,
        "variance": 429778906.64533705,
        "z_arithmetic_mean_rank": 395.5219428923876,
        "z_geometric_mean_rank": 257.249758703861,
        "z_hits_at_k": 2561.0202284051957,
        "z_inverse_harmonic_mean_rank": 2979.598566160927
      },
      "pessimistic": {
        "adjusted_arithmetic_mean_rank": 0.12145406228086568,
        "adjusted_arithmetic_mean_rank_index": 0.8785600864098725,
        "adjusted_geometric_mean_rank_index": 0.9892290983504558,
        "adjusted_hits_at_k": 0.08842122367338524,
        "adjusted_inverse_harmonic_mean_rank": 0.04170986891690221,
        "arithmetic_mean_rank": 7541.665404077768,
        "count": 67586.0,
        "geometric_mean_rank": 492.9993907568635,
        "harmonic_mean_rank": 23.920658319765135,
        "hits_at_1": 0.014781167697452136,
        "hits_at_10": 0.08849465865711834,
        "hits_at_3": 0.04412156363743971,
        "hits_at_5": 0.05924303849909745,
        "inverse_arithmetic_mean_rank": 0.00013259670728156428,
        "inverse_geometric_mean_rank": 0.00202840007259396,
        "inverse_harmonic_mean_rank": 0.04180486952458667,
        "inverse_median_rank": 0.0017079419299743809,
        "median_absolute_deviation": 839.8941567834235,
        "median_rank": 585.5,
        "standard_deviation": 20731.122875673143,
        "variance": 429779455.68625826,
        "z_arithmetic_mean_rank": 395.5218931172953,
        "z_geometric_mean_rank": 257.2497552006268,
        "z_hits_at_k": 2561.0202284051957,
        "z_inverse_harmonic_mean_rank": 2979.5983995187953
      },
      "realistic": {
        "adjusted_arithmetic_mean_rank": 0.12145400922162562,
        "adjusted_arithmetic_mean_rank_index": 0.878560139469967,
        "adjusted_geometric_mean_rank_index": 0.9892291017151915,
        "adjusted_hits_at_k": 0.08842122367338524,
        "adjusted_inverse_harmonic_mean_rank": 0.04170987184581864,
        "arithmetic_mean_rank": 7541.662109375,
        "count": 67586.0,
        "geometric_mean_rank": 492.9992370605469,
        "harmonic_mean_rank": 23.920656204223633,
        "hits_at_1": 0.014781167697452136,
        "hits_at_10": 0.08849465865711834,
        "hits_at_3": 0.04412156363743971,
        "hits_at_5": 0.05924303849909745,
        "inverse_arithmetic_mean_rank": 0.00013259676052257419,
        "inverse_geometric_mean_rank": 0.0020284007769078016,
        "inverse_harmonic_mean_rank": 0.04180487245321274,
        "inverse_median_rank": 0.0017079418757930398,
        "median_absolute_deviation": 839.8941650390625,
        "median_rank": 585.5,
        "standard_deviation": 20731.115234375,
        "variance": 429779168.0,
        "z_arithmetic_mean_rank": 395.52191700459605,
        "z_geometric_mean_rank": 257.2497560756288,
        "z_hits_at_k": 2561.0202284051957,