{
  "losses": [
    0.6985740603162692,
    0.1936021058715483,
    0.08218425170590098,
    0.05308225203867583,
    0.040326129869949184,
    0.03216151072032,
    0.027094743316497145,
    0.024010019208381736,
    0.02163639022671127,
    0.01985528461398149
  ],
  "metrics": {
    "both": {
      "optimistic": {
        "adjusted_arithmetic_mean_rank": 0.0777761680339122,
        "adjusted_arithmetic_mean_rank_index": 0.9222386106493132,
        "adjusted_geometric_mean_rank_index": 0.9951184182338675,
        "adjusted_hits_at_k": 0.1577678658394478,
        "adjusted_inverse_harmonic_mean_rank": 0.07500667890316938,
        "arithmetic_mean_rank": 4853.489587379089,
        "count": 108138.0,
        "geometric_mean_rank": 225.12360080756005,
        "harmonic_mean_rank": 13.315944870591709,
        "hits_at_1": 0.03337402208289408,
        "hits_at_10": 0.1578353585233683,
        "hits_at_3": 0.07667055059276111,
        "hits_at_5": 0.10607741959348241,
        "inverse_arithmetic_mean_rank": 0.00020603732263078893,
        "inverse_geometric_mean_rank": 0.004442004287479477,
        "inverse_harmonic_mean_rank": 0.07509793782704087,
        "inverse_median_rank": 0.0038461538461538464,
        "median_absolute_deviation": 379.5461679374341,
        "median_rank": 260.0,
        "standard_deviation": 15955.109940557264,
        "variance": 254565533.2152692,
        "z_arithmetic_mean_rank": 525.2454290545239,
        "z_geometric_mean_rank": 327.36754841195165,
        "z_hits_at_k": 5795.326016753183,
        "z_inverse_harmonic_mean_rank": 6795.4941513414815
      },
      "pessimistic": {
        "adjusted_arithmetic_mean_rank": 0.07777623634874851,
        "adjusted_arithmetic_mean_rank_index": 0.9222385423333821,
        "adjusted_geometric_mean_rank_index": 0.9951184139073439,
        "adjusted_hits_at_k": 0.1577678658394478,
        "adjusted_inverse_harmonic_mean_rank": 0.07500666673125278,
        "arithmetic_mean_rank": 4853.493850450351,
        "count": 108138.0,
        "geometric_mean_rank": 225.12379944728164,
        "harmonic_mean_rank": 13.31594702863507,
        "hits_at_1": 0.03337402208289408,
        "hits_at_10": 0.1578353585233683,
        "hits_at_3": 0.07667055059276111,
        "hits_at_5": 0.10607741959348241,
        "inverse_arithmetic_mean_rank": 0.00020603714165769697,
        "inverse_geometric_mean_rank": 0.004442000368042718,
        "inverse_harmonic_mean_rank": 0.07509792565632513,
        "inverse_median_rank": 0.0038461538461538464,
        "median_absolute_deviation": 379.5461679374341,
        "median_rank": 260.0,
        "standard_deviation": 15955.1208616841,
        "variance": 254565881.71094716,
        "z_arithmetic_mean_rank": 525.2453901463389,
        "z_geometric_mean_rank": 327.36754698864024,
        "z_hits_at_k": 5795.326016753183,
        "z_inverse_harmonic_mean_rank": 6795.493048583842
      },
      "realistic": {
        "adjusted_arithmetic_mean_rank": 0.07777619405110034,
        "adjusted_arithmetic_mean_rank_index": 0.922238584631708,
        "adjusted_geometric_mean_rank_index": 0.9951184170050188,
        "adjusted_hits_at_k": 0.1577678658394478,
        "adjusted_inverse_harmonic_mean_rank": 0.07500667448729105,
        "arithmetic_mean_rank": 4853.4912109375,
        "count": 108138.0,
        "geometric_mean_rank": 225.1236572265625,
        "harmonic_mean_rank": 13.315945625305176,
        "hits_at_1": 0.03337402208289408,
        "hits_at_10": 0.1578353585233683,
        "hits_at_3": 0.07667055059276111,
        "hits_at_5": 0.10607741959348241,
        "inverse_arithmetic_mean_rank": 0.0002060372498817742,
        "inverse_geometric_mean_rank": 0.0044420030899345875,
        "inverse_harmonic_mean_rank": 0.0750979334115982,
        "inverse_median_rank": 0.003846153849735856,
        "median_absolute_deviation": 379.5461730957031,
        "median_rank": 260.0,
        "standard_deviation": 15955.1162109375,
        "variance": 254565744.0,
        "z_arithmetic_mean_rank": 525.2454142366363,
        "z_geometric_mean_rank": 327.3675480076931,
        "z_hits_at_k": 5795.326016753183,
        "z_inverse_harmonic_mean_rank": 6795.493751269437
      }
    },
    "head": {
      "optimistic": {
        "adjusted_arithmetic_mean_rank": 0.11944015136875634,
        "adjusted_arithmetic_mean_rank_index": 0.88057400352352,
        "adjusted_geometric_mean_rank_index": 0.987153864563189,
        "adjusted_hits_at_k": 0.06582217715466586,
        "adjusted_inverse_harmonic_mean_rank": 0.030944667863963278,
        "arithmetic_mean_rank": 7430.356248497291,
        "count": 54069.0,
        "geometric_mean_rank": 588.9342449009592,
        "harmonic_mean_rank": 32.21591704993527,
        "hits_at_1": 0.010597569771958054,
        "hits_at_10": 0.06589727940224528,
        "hits_at_3": 0.028445134920194567,
        "hits_at_5": 0.04177994784442102,
        "inverse_arithmetic_mean_rank": 0.00013458304912395541,
        "inverse_geometric_mean_rank": 0.001697982429546391,
        "inverse_harmonic_mean_rank": 0.031040556705245467,
        "inverse_median_rank": 0.0014367816091954023,
        "median_absolute_deviation": 984.4478730877197,
        "median_rank": 696.0,
        "standard_deviation": 20473.004789713752,
        "variance": 419143925.11964226,
        "z_arithmetic_mean_rank": 354.6062564976261,
        "z_geometric_mean_rank": 229.60669583861937,
        "z_hits_at_k": 1706.9361174368096,
        "z_inverse_harmonic_mean_rank": 1979.2151871698786
      },
      "pessimistic": {
        "adjusted_arithmetic_mean_rank": 0.11944024442311252,
        "adjusted_arithmetic_mean_rank_index": 0.880573910467668,
        "adjusted_geometric_mean_rank_index": 0.9871538490622489,
        "adjusted_hits_at_k": 0.06582217715466586,
        "adjusted_inverse_harmonic_mean_rank": 0.030944644487231974,
        "arithmetic_mean_rank": 7430.36203739666,
        "count": 54069.0,
        "geometric_mean_rank": 588.9349543387144,
        "harmonic_mean_rank": 32.21594130945132,
        "hits_at_1": 0.010597569771958054,
        "hits_at_10": 0.06589727940224528,
        "hits_at_3": 0.028445134920194567,
        "hits_at_5": 0.04177994784442102,
        "inverse_arithmetic_mean_rank": 0.00013458294427203514,
        "inverse_geometric_mean_rank": 0.0016979803841374128,
        "inverse_harmonic_mean_rank": 0.03104053333082731,
        "inverse_median_rank": 0.0014367816091954023,
        "median_absolute_deviation": 984.4478730877197,
        "median_rank": 696.0,
        "standard_deviation": 20473.018004178426,
        "variance": 419144466.199414,
        "z_arithmetic_mean_rank": 354.606219024129,
        "z_geometric_mean_rank": 229.60669223318385,
        "z_hits_at_k": 1706.9361174368096,
        "z_inverse_harmonic_mean_rank": 1979.2136919985028
      },
      "realistic": {
        "adjusted_arithmetic_mean_rank": 0.11944020162609856,
        "adjusted_arithmetic_mean_rank_index": 0.8805739532653699,
        "adjusted_geometric_mean_rank_index": 0.9871538587866674,
        "adjusted_hits_at_k": 0.06582217715466586,
        "adjusted_inverse_harmonic_mean_rank": 0.030944658573412633,
        "arithmetic_mean_rank": 7430.359375,
        "count": 54069.0,
        "geometric_mean_rank": 588.9345092773438,
        "harmonic_mean_rank": 32.21592712402344,
        "hits_at_1": 0.010597569771958054,
        "hits_at_10": 0.06589727940224528,
        "hits_at_3": 0.028445134920194567,
        "hits_at_5": 0.04177994784442102,
        "inverse_arithmetic_mean_rank": 0.00013458299508783966,
        "inverse_geometric_mean_rank": 0.001697981613688171,
        "inverse_harmonic_mean_rank": 0.031040547415614128,
        "inverse_median_rank": 0.0014367816038429737,
        "median_absolute_deviation": 984.4478759765625,
        "median_rank": 696.0,
        "standard_deviation": 20473.01171875,
        "variance": 419144192.0,
        "z_arithmetic_mean_rank": 354.6062362587201,